Date,Close
04-May-23,18255.8
03-May-23,18089.85
02-May-23,18147.65
28-Apr-23,18065
27-Apr-23,17915.05
26-Apr-23,17813.6
25-Apr-23,17769.25
24-Apr-23,17743.4
21-Apr-23,17624.05
20-Apr-23,17624.45
19-Apr-23,17618.75
18-Apr-23,17660.15
17-Apr-23,17706.85
13-Apr-23,17828
12-Apr-23,17812.4
11-Apr-23,17722.3
10-Apr-23,17624.05
06-Apr-23,17599.15
05-Apr-23,17557.05
03-Apr-23,17398.05
31-Mar-23,17359.75
29-Mar-23,17080.7
28-Mar-23,16951.7
27-Mar-23,16985.7
24-Mar-23,16945.05
23-Mar-23,17076.9
22-Mar-23,17151.9
21-Mar-23,17107.5
20-Mar-23,16988.4
17-Mar-23,17100.05
16-Mar-23,16985.6
15-Mar-23,16972.15
14-Mar-23,17043.3
13-Mar-23,17154.3
10-Mar-23,17412.9
09-Mar-23,17589.6
08-Mar-23,17754.4
06-Mar-23,17711.45
03-Mar-23,17594.35
02-Mar-23,17321.9
01-Mar-23,17450.9
28-Feb-23,17303.95
27-Feb-23,17392.7
24-Feb-23,17465.8
23-Feb-23,17511.25
22-Feb-23,17554.3
21-Feb-23,17826.7
20-Feb-23,17844.6
17-Feb-23,17944.2
16-Feb-23,18035.85
15-Feb-23,18015.85
14-Feb-23,17929.85
13-Feb-23,17770.9
10-Feb-23,17856.5
09-Feb-23,17893.45
08-Feb-23,17871.7
07-Feb-23,17721.5
06-Feb-23,17764.6
03-Feb-23,17854.05
02-Feb-23,17610.4
01-Feb-23,17616.3
31-Jan-23,17662.15
30-Jan-23,17648.95
27-Jan-23,17604.35
25-Jan-23,17891.95
24-Jan-23,18118.3
23-Jan-23,18118.55
20-Jan-23,18027.65
19-Jan-23,18107.85
18-Jan-23,18165.35
17-Jan-23,18053.3
16-Jan-23,17894.85
13-Jan-23,17956.6
12-Jan-23,17858.2
11-Jan-23,17895.7
10-Jan-23,17914.15
09-Jan-23,18101.2
06-Jan-23,17859.45
05-Jan-23,17992.15
04-Jan-23,18042.95
03-Jan-23,18232.55
02-Jan-23,18197.45
30-Dec-22,18105.3
29-Dec-22,18191
28-Dec-22,18122.5
27-Dec-22,18132.3
26-Dec-22,18014.6
23-Dec-22,17806.8
22-Dec-22,18127.35
21-Dec-22,18199.1
20-Dec-22,18385.3
19-Dec-22,18420.45
16-Dec-22,18269
15-Dec-22,18414.9
14-Dec-22,18660.3
13-Dec-22,18608
12-Dec-22,18497.15
09-Dec-22,18496.6
08-Dec-22,18609.35
07-Dec-22,18560.5
06-Dec-22,18642.75
05-Dec-22,18701.05
02-Dec-22,18696.1
01-Dec-22,18812.5
30-Nov-22,18758.35
29-Nov-22,18618.05
28-Nov-22,18562.75
25-Nov-22,18512.75
24-Nov-22,18484.1
23-Nov-22,18267.25
22-Nov-22,18244.2
21-Nov-22,18159.95
18-Nov-22,18307.65
17-Nov-22,18343.9
16-Nov-22,18409.65
15-Nov-22,18403.4
14-Nov-22,18329.15
11-Nov-22,18349.7
10-Nov-22,18028.2
09-Nov-22,18157
07-Nov-22,18202.8
04-Nov-22,18117.15
03-Nov-22,18052.7
02-Nov-22,18082.85
01-Nov-22,18145.4
31-Oct-22,18012.2
28-Oct-22,17786.8
27-Oct-22,17736.95
25-Oct-22,17656.35
24-Oct-22,17730.75
21-Oct-22,17576.3
20-Oct-22,17563.95
19-Oct-22,17512.25
18-Oct-22,17486.95
17-Oct-22,17311.8
14-Oct-22,17185.7
13-Oct-22,17014.35
12-Oct-22,17123.6
11-Oct-22,16983.55
10-Oct-22,17241
07-Oct-22,17314.65
06-Oct-22,17331.8
04-Oct-22,17274.3
03-Oct-22,16887.35
30-Sep-22,17094.35
29-Sep-22,16818.1
28-Sep-22,16858.6
27-Sep-22,17007.4
26-Sep-22,17016.3
23-Sep-22,17327.35
22-Sep-22,17629.8
21-Sep-22,17718.35
20-Sep-22,17816.25
19-Sep-22,17622.25
16-Sep-22,17530.85
15-Sep-22,17877.4
14-Sep-22,18003.75
13-Sep-22,18070.05
12-Sep-22,17936.35
09-Sep-22,17833.35
08-Sep-22,17798.75
07-Sep-22,17624.4
06-Sep-22,17655.6
05-Sep-22,17665.8
02-Sep-22,17539.45
01-Sep-22,17542.8
30-Aug-22,17759.3
29-Aug-22,17312.9
26-Aug-22,17558.9
25-Aug-22,17522.45
24-Aug-22,17604.95
23-Aug-22,17577.5
22-Aug-22,17490.7
19-Aug-22,17758.45
18-Aug-22,17956.5
17-Aug-22,17944.25
16-Aug-22,17825.25
12-Aug-22,17698.15
11-Aug-22,17659
10-Aug-22,17534.75
08-Aug-22,17525.1
05-Aug-22,17397.5
04-Aug-22,17382
03-Aug-22,17388.15
02-Aug-22,17345.45
01-Aug-22,17340.05
29-Jul-22,17158.25
28-Jul-22,16929.6
27-Jul-22,16641.8
26-Jul-22,16483.85
25-Jul-22,16631
22-Jul-22,16719.45
21-Jul-22,16605.25
20-Jul-22,16520.85
19-Jul-22,16340.55
18-Jul-22,16278.5
15-Jul-22,16049.2
14-Jul-22,15938.65
13-Jul-22,15966.65
12-Jul-22,16058.3
11-Jul-22,16216
08-Jul-22,16220.6
07-Jul-22,16132.9
06-Jul-22,15989.8
05-Jul-22,15810.85
04-Jul-22,15835.35
01-Jul-22,15752.05
30-Jun-22,15780.25
29-Jun-22,15799.1
28-Jun-22,15850.2
27-Jun-22,15832.05
24-Jun-22,15699.25
23-Jun-22,15556.65
22-Jun-22,15413.3
21-Jun-22,15638.8
20-Jun-22,15350.15
17-Jun-22,15293.5
16-Jun-22,15360.6
15-Jun-22,15692.15
14-Jun-22,15732.1
13-Jun-22,15774.4
10-Jun-22,16201.8
09-Jun-22,16478.1
08-Jun-22,16356.25
07-Jun-22,16416.35
06-Jun-22,16569.55
03-Jun-22,16584.3
02-Jun-22,16628
01-Jun-22,16522.75
31-May-22,16584.55
30-May-22,16661.4
27-May-22,16352.45
26-May-22,16170.15
25-May-22,16025.8
24-May-22,16125.15
23-May-22,16214.7
20-May-22,16266.15
19-May-22,15809.4
18-May-22,16240.3
17-May-22,16259.3
16-May-22,15842.3
13-May-22,15782.15
12-May-22,15808
11-May-22,16167.1
10-May-22,16240.05
09-May-22,16301.85
06-May-22,16411.25
05-May-22,16682.65
04-May-22,16677.6
02-May-22,17069.1
29-Apr-22,17102.55
28-Apr-22,17245.05
27-Apr-22,17038.4
26-Apr-22,17200.8
25-Apr-22,16953.95
22-Apr-22,17171.95
21-Apr-22,17392.6
20-Apr-22,17136.55
19-Apr-22,16958.65
18-Apr-22,17173.65
13-Apr-22,17475.65
12-Apr-22,17530.3
11-Apr-22,17674.95
08-Apr-22,17784.35
07-Apr-22,17639.55
06-Apr-22,17807.65
05-Apr-22,17957.4
04-Apr-22,18053.4
01-Apr-22,17670.45
31-Mar-22,17464.75
30-Mar-22,17498.25
29-Mar-22,17325.3
28-Mar-22,17222
25-Mar-22,17153
24-Mar-22,17222.75
23-Mar-22,17245.65
22-Mar-22,17315.5
21-Mar-22,17117.6
17-Mar-22,17287.05
16-Mar-22,16975.35
15-Mar-22,16663
14-Mar-22,16871.3
11-Mar-22,16630.45
10-Mar-22,16594.9
09-Mar-22,16345.35
08-Mar-22,16013.45
07-Mar-22,15863.15
04-Mar-22,16245.35
03-Mar-22,16498.05
02-Mar-22,16605.95
28-Feb-22,16793.9
25-Feb-22,16658.4
24-Feb-22,16247.95
23-Feb-22,17063.25
22-Feb-22,17092.2
21-Feb-22,17206.65
18-Feb-22,17276.3
17-Feb-22,17304.6
16-Feb-22,17322.2
15-Feb-22,17352.45
14-Feb-22,16842.8
11-Feb-22,17374.75
10-Feb-22,17605.85
09-Feb-22,17463.8
08-Feb-22,17266.75
07-Feb-22,17213.6
04-Feb-22,17516.3
03-Feb-22,17560.2
02-Feb-22,17780
01-Feb-22,17576.85
31-Jan-22,17339.85
28-Jan-22,17101.95
27-Jan-22,17110.15
25-Jan-22,17277.95
24-Jan-22,17149.1
21-Jan-22,17617.15
20-Jan-22,17757
19-Jan-22,17938.4
18-Jan-22,18113.05
17-Jan-22,18308.1
14-Jan-22,18255.75
13-Jan-22,18257.8
12-Jan-22,18212.35
11-Jan-22,18055.75
10-Jan-22,18003.3
07-Jan-22,17812.7
06-Jan-22,17745.9
05-Jan-22,17925.25
04-Jan-22,17805.25
03-Jan-22,17625.7
31-Dec-21,17354.05
30-Dec-21,17203.95
29-Dec-21,17213.6
28-Dec-21,17233.25
27-Dec-21,17086.25
24-Dec-21,17003.75
23-Dec-21,17072.6
22-Dec-21,16955.45
21-Dec-21,16770.85
20-Dec-21,16614.2
17-Dec-21,16985.2
16-Dec-21,17248.4
15-Dec-21,17221.4
14-Dec-21,17324.9
13-Dec-21,17368.25
10-Dec-21,17511.3
09-Dec-21,17516.85
08-Dec-21,17469.75
07-Dec-21,17176.7
06-Dec-21,16912.25
03-Dec-21,17196.7
02-Dec-21,17401.65
01-Dec-21,17166.9
30-Nov-21,16983.2
29-Nov-21,17053.95
26-Nov-21,17026.45
25-Nov-21,17536.25
24-Nov-21,17415.05
23-Nov-21,17503.35
22-Nov-21,17416.55
18-Nov-21,17764.8
17-Nov-21,17898.65
16-Nov-21,17999.2
15-Nov-21,18109.45
12-Nov-21,18102.75
11-Nov-21,17873.6
10-Nov-21,18017.2
09-Nov-21,18044.25
08-Nov-21,18068.55
04-Nov-21,17916.8
03-Nov-21,17829.2
02-Nov-21,17888.95
01-Nov-21,17929.65
29-Oct-21,17671.65
28-Oct-21,17857.25
27-Oct-21,18210.95
26-Oct-21,18268.4
25-Oct-21,18125.4
22-Oct-21,18114.9
21-Oct-21,18178.1
20-Oct-21,18266.6
19-Oct-21,18418.75
18-Oct-21,18477.05
14-Oct-21,18338.55
13-Oct-21,18161.75
12-Oct-21,17991.95
11-Oct-21,17945.95
08-Oct-21,17895.2
07-Oct-21,17790.35
06-Oct-21,17646
05-Oct-21,17822.3
04-Oct-21,17691.25
01-Oct-21,17532.05
30-Sep-21,17618.15
29-Sep-21,17711.3
28-Sep-21,17748.6
27-Sep-21,17855.1
24-Sep-21,17853.2
23-Sep-21,17822.95
22-Sep-21,17546.65
21-Sep-21,17562
20-Sep-21,17396.9
17-Sep-21,17585.15
16-Sep-21,17629.5
15-Sep-21,17519.45
14-Sep-21,17380
13-Sep-21,17355.3
09-Sep-21,17369.25
08-Sep-21,17353.5
07-Sep-21,17362.1
06-Sep-21,17377.8
03-Sep-21,17323.6
02-Sep-21,17234.15
01-Sep-21,17076.25
31-Aug-21,17132.2
30-Aug-21,16931.05
27-Aug-21,16705.2
26-Aug-21,16636.9
25-Aug-21,16634.65
24-Aug-21,16624.6
23-Aug-21,16496.45
20-Aug-21,16450.5
18-Aug-21,16568.85
17-Aug-21,16614.6
16-Aug-21,16563.05
13-Aug-21,16529.1
12-Aug-21,16364.4
11-Aug-21,16282.25
10-Aug-21,16280.1
09-Aug-21,16258.25
06-Aug-21,16238.2
05-Aug-21,16294.6
04-Aug-21,16258.8
03-Aug-21,16130.75
02-Aug-21,15885.15
30-Jul-21,15763.05
29-Jul-21,15778.45
28-Jul-21,15709.4
27-Jul-21,15746.45
26-Jul-21,15824.45
23-Jul-21,15856.05
22-Jul-21,15824.05
20-Jul-21,15632.1
19-Jul-21,15752.4
16-Jul-21,15923.4
15-Jul-21,15924.2
14-Jul-21,15853.95
13-Jul-21,15812.35
12-Jul-21,15692.6
09-Jul-21,15689.8
08-Jul-21,15727.9
07-Jul-21,15879.65
06-Jul-21,15818.25
05-Jul-21,15834.35
02-Jul-21,15722.2
01-Jul-21,15680
30-Jun-21,15721.5
29-Jun-21,15748.45
28-Jun-21,15814.7
25-Jun-21,15860.35
24-Jun-21,15790.45
23-Jun-21,15686.95
22-Jun-21,15772.75
21-Jun-21,15746.5
18-Jun-21,15683.35
17-Jun-21,15691.4
16-Jun-21,15767.55
15-Jun-21,15869.25
14-Jun-21,15811.85
11-Jun-21,15799.35
10-Jun-21,15737.75
09-Jun-21,15635.35
08-Jun-21,15740.1
07-Jun-21,15751.65
04-Jun-21,15670.25
03-Jun-21,15690.35
02-Jun-21,15576.2
01-Jun-21,15574.85
31-May-21,15582.8
28-May-21,15435.65
27-May-21,15337.85
26-May-21,15301.45
25-May-21,15208.45
24-May-21,15197.7
21-May-21,15175.3
20-May-21,14906.05
19-May-21,15030.15
18-May-21,15108.1
17-May-21,14923.15
14-May-21,14677.8
12-May-21,14696.5
11-May-21,14850.75
10-May-21,14942.35
07-May-21,14823.15
06-May-21,14724.8
05-May-21,14617.85
04-May-21,14496.5
03-May-21,14634.15
30-Apr-21,14631.1
29-Apr-21,14894.9
28-Apr-21,14864.55
27-Apr-21,14653.05
26-Apr-21,14485
23-Apr-21,14341.35
22-Apr-21,14406.15
20-Apr-21,14296.4
19-Apr-21,14359.45
16-Apr-21,14617.85
15-Apr-21,14581.45
13-Apr-21,14504.8
12-Apr-21,14310.8
09-Apr-21,14834.85
08-Apr-21,14873.8
07-Apr-21,14819.05
06-Apr-21,14683.5
05-Apr-21,14637.8
01-Apr-21,14867.35
31-Mar-21,14690.7
30-Mar-21,14845.1
26-Mar-21,14507.3
25-Mar-21,14324.9
24-Mar-21,14549.4
23-Mar-21,14814.75
22-Mar-21,14736.4
19-Mar-21,14744
18-Mar-21,14557.85
17-Mar-21,14721.3
16-Mar-21,14910.45
15-Mar-21,14929.5
12-Mar-21,15030.95
10-Mar-21,15174.8
09-Mar-21,15098.4
08-Mar-21,14956.2
05-Mar-21,14938.1
04-Mar-21,15080.75
03-Mar-21,15245.6
02-Mar-21,14919.1
01-Mar-21,14761.55
26-Feb-21,14529.15
25-Feb-21,15097.35
24-Feb-21,14982
23-Feb-21,14707.8
22-Feb-21,14675.7
19-Feb-21,14981.75
18-Feb-21,15118.95
17-Feb-21,15208.9
16-Feb-21,15313.45
15-Feb-21,15314.7
12-Feb-21,15163.3
11-Feb-21,15173.3
10-Feb-21,15106.5
09-Feb-21,15109.3
08-Feb-21,15115.8
05-Feb-21,14924.25
04-Feb-21,14895.65
03-Feb-21,14789.95
02-Feb-21,14647.85
01-Feb-21,14281.2
29-Jan-21,13634.6
28-Jan-21,13817.55
27-Jan-21,13967.5
25-Jan-21,14238.9
22-Jan-21,14371.9
21-Jan-21,14590.35
20-Jan-21,14644.7
19-Jan-21,14521.15
18-Jan-21,14281.3
15-Jan-21,14433.7
14-Jan-21,14595.6
13-Jan-21,14564.85
12-Jan-21,14563.45
11-Jan-21,14484.75
08-Jan-21,14347.25
07-Jan-21,14137.35
06-Jan-21,14146.25
05-Jan-21,14199.5
04-Jan-21,14132.9
01-Jan-21,14018.5
31-Dec-20,13981.75
30-Dec-20,13981.95
29-Dec-20,13932.6
28-Dec-20,13873.2
24-Dec-20,13749.25
23-Dec-20,13601.1
22-Dec-20,13466.3
21-Dec-20,13328.4
18-Dec-20,13760.55
17-Dec-20,13740.7
16-Dec-20,13682.7
15-Dec-20,13567.85
14-Dec-20,13558.15
11-Dec-20,13513.85
10-Dec-20,13478.3
09-Dec-20,13529.1
08-Dec-20,13392.95
07-Dec-20,13355.75
04-Dec-20,13258.55
03-Dec-20,13133.9
02-Dec-20,13113.75
01-Dec-20,13109.05
27-Nov-20,12968.95
26-Nov-20,12987
25-Nov-20,12858.4
24-Nov-20,13055.15
23-Nov-20,12926.45
20-Nov-20,12859.05
19-Nov-20,12771.7
18-Nov-20,12938.25
17-Nov-20,12874.2
14-Nov-20,12780.25
13-Nov-20,12719.95
12-Nov-20,12690.8
11-Nov-20,12749.15
10-Nov-20,12631.1
09-Nov-20,12461.05
06-Nov-20,12263.55
05-Nov-20,12120.3
04-Nov-20,11908.5
03-Nov-20,11813.5
02-Nov-20,11669.15
30-Oct-20,11642.4
29-Oct-20,11670.8
28-Oct-20,11729.6
27-Oct-20,11889.4
26-Oct-20,11767.75
23-Oct-20,11930.35
22-Oct-20,11896.45
21-Oct-20,11937.65
20-Oct-20,11896.8
19-Oct-20,11873.05
16-Oct-20,11762.45
15-Oct-20,11680.35
14-Oct-20,11971.05
13-Oct-20,11934.5
12-Oct-20,11930.95
09-Oct-20,11914.2
08-Oct-20,11834.6
07-Oct-20,11738.85
06-Oct-20,11662.4
05-Oct-20,11503.35
01-Oct-20,11416.95
30-Sep-20,11247.55
29-Sep-20,11222.4
28-Sep-20,11227.55
25-Sep-20,11050.25
24-Sep-20,10805.55
23-Sep-20,11131.85
22-Sep-20,11153.65
21-Sep-20,11250.55
18-Sep-20,11504.95
17-Sep-20,11516.1
16-Sep-20,11604.55
15-Sep-20,11521.8
14-Sep-20,11440.05
11-Sep-20,11464.45
10-Sep-20,11449.25
09-Sep-20,11278
08-Sep-20,11317.35
07-Sep-20,11355.05
04-Sep-20,11333.85
03-Sep-20,11527.45
02-Sep-20,11535
01-Sep-20,11470.25
31-Aug-20,11387.5
28-Aug-20,11647.6
27-Aug-20,11559.25
26-Aug-20,11549.6
25-Aug-20,11472.25
24-Aug-20,11466.45
21-Aug-20,11371.6
20-Aug-20,11312.2
19-Aug-20,11408.4
18-Aug-20,11385.35
17-Aug-20,11247.1
14-Aug-20,11178.4
13-Aug-20,11300.45
12-Aug-20,11308.4
11-Aug-20,11322.5
10-Aug-20,11270.15
07-Aug-20,11214.05
06-Aug-20,11200.15
05-Aug-20,11101.65
04-Aug-20,11095.25
03-Aug-20,10891.6
31-Jul-20,11073.45
30-Jul-20,11102.15
29-Jul-20,11202.85
28-Jul-20,11300.55
27-Jul-20,11131.8
24-Jul-20,11194.15
23-Jul-20,11215.45
22-Jul-20,11132.6
21-Jul-20,11162.25
20-Jul-20,11022.2
17-Jul-20,10901.7
16-Jul-20,10739.95
15-Jul-20,10618.2
14-Jul-20,10607.35
13-Jul-20,10802.7
10-Jul-20,10768.05
09-Jul-20,10813.45
08-Jul-20,10705.75
07-Jul-20,10799.65
06-Jul-20,10763.65
03-Jul-20,10607.35
02-Jul-20,10551.7
01-Jul-20,10430.05
30-Jun-20,10302.1
29-Jun-20,10312.4
26-Jun-20,10383
25-Jun-20,10288.9
24-Jun-20,10305.3
23-Jun-20,10471
22-Jun-20,10311.2
19-Jun-20,10244.4
18-Jun-20,10091.65
17-Jun-20,9881.15
16-Jun-20,9914
15-Jun-20,9813.7
12-Jun-20,9972.9
11-Jun-20,9902
10-Jun-20,10116.15
09-Jun-20,10046.65
08-Jun-20,10167.45
05-Jun-20,10142.15
04-Jun-20,10029.1
03-Jun-20,10061.55
02-Jun-20,9979.1
01-Jun-20,9826.15
29-May-20,9580.3
28-May-20,9490.1
27-May-20,9314.95
26-May-20,9029.05
22-May-20,9039.25
21-May-20,9106.25
20-May-20,9066.55
19-May-20,8879.1
18-May-20,8823.25
15-May-20,9136.85
14-May-20,9142.75
13-May-20,9383.55
12-May-20,9196.55
11-May-20,9239.2
08-May-20,9251.5
07-May-20,9199.05
06-May-20,9270.9
05-May-20,9205.6
04-May-20,9293.5
30-Apr-20,9859.9
29-Apr-20,9553.35
28-Apr-20,9380.9
27-Apr-20,9282.3
24-Apr-20,9154.4
23-Apr-20,9313.9
22-Apr-20,9187.3
21-Apr-20,8981.45
20-Apr-20,9261.85
17-Apr-20,9266.75
16-Apr-20,8992.8
15-Apr-20,8925.3
13-Apr-20,8993.85
09-Apr-20,9111.9
08-Apr-20,8748.75
07-Apr-20,8792.2
03-Apr-20,8083.8
01-Apr-20,8253.8
31-Mar-20,8597.75
30-Mar-20,8281.1
27-Mar-20,8660.25
26-Mar-20,8641.45
25-Mar-20,8317.85
24-Mar-20,7801.05
23-Mar-20,7610.25
20-Mar-20,8745.45
19-Mar-20,8263.45
18-Mar-20,8468.8
17-Mar-20,8967.05
16-Mar-20,9197.4
13-Mar-20,9955.2
12-Mar-20,9590.15
11-Mar-20,10458.4
09-Mar-20,10451.45
06-Mar-20,10989.45
05-Mar-20,11269
04-Mar-20,11251
03-Mar-20,11303.3
02-Mar-20,11132.75
28-Feb-20,11201.75
27-Feb-20,11633.3
26-Feb-20,11678.5
25-Feb-20,11797.9
24-Feb-20,11829.4
20-Feb-20,12080.85
19-Feb-20,12125.9
18-Feb-20,11992.5
17-Feb-20,12045.8
14-Feb-20,12113.45
13-Feb-20,12174.65
12-Feb-20,12201.2
11-Feb-20,12107.9
10-Feb-20,12031.5
07-Feb-20,12098.35
06-Feb-20,12137.95
05-Feb-20,12089.15
04-Feb-20,11979.65
03-Feb-20,11707.9
01-Feb-20,11661.85
31-Jan-20,11962.1
30-Jan-20,12035.8
29-Jan-20,12129.5
28-Jan-20,12055.8
27-Jan-20,12119
24-Jan-20,12248.25
23-Jan-20,12180.35
22-Jan-20,12106.9
21-Jan-20,12169.85
20-Jan-20,12224.55
17-Jan-20,12352.35
16-Jan-20,12355.5
15-Jan-20,12343.3
14-Jan-20,12362.3
13-Jan-20,12329.55
10-Jan-20,12256.8
09-Jan-20,12215.9
08-Jan-20,12025.35
07-Jan-20,12052.95
06-Jan-20,11993.05
03-Jan-20,12226.65
02-Jan-20,12282.2
01-Jan-20,12182.5
31-Dec-19,12168.45
30-Dec-19,12255.85
27-Dec-19,12245.8
26-Dec-19,12126.55
24-Dec-19,12214.55
23-Dec-19,12262.75
20-Dec-19,12271.8
19-Dec-19,12259.7
18-Dec-19,12221.65
17-Dec-19,12165
16-Dec-19,12053.95
13-Dec-19,12086.7
12-Dec-19,11971.8
11-Dec-19,11910.15
10-Dec-19,11856.8
09-Dec-19,11937.5
06-Dec-19,11921.5
05-Dec-19,12018.4
04-Dec-19,12043.2
03-Dec-19,11994.2
02-Dec-19,12048.2
29-Nov-19,12056.05
28-Nov-19,12151.15
27-Nov-19,12100.7
26-Nov-19,12037.7
25-Nov-19,12073.75
22-Nov-19,11914.4
21-Nov-19,11968.4
20-Nov-19,11999.1
19-Nov-19,11940.1
18-Nov-19,11884.5
15-Nov-19,11895.45
14-Nov-19,11872.1
13-Nov-19,11840.45
11-Nov-19,11913.45
08-Nov-19,11908.15
07-Nov-19,12012.05
06-Nov-19,11966.05
05-Nov-19,11917.2
04-Nov-19,11941.3
01-Nov-19,11890.6
31-Oct-19,11877.45
30-Oct-19,11844.1
29-Oct-19,11786.85
27-Oct-19,11627.15
25-Oct-19,11583.9
24-Oct-19,11582.6
23-Oct-19,11604.1
22-Oct-19,11588.35
18-Oct-19,11661.85
17-Oct-19,11586.35
16-Oct-19,11464
15-Oct-19,11428.3
14-Oct-19,11341.15
11-Oct-19,11305.05
10-Oct-19,11234.55
09-Oct-19,11313.3
07-Oct-19,11126.4
04-Oct-19,11174.75
03-Oct-19,11314
01-Oct-19,11359.9
30-Sep-19,11474.45
27-Sep-19,11512.4
26-Sep-19,11571.2
25-Sep-19,11440.2
24-Sep-19,11588.2
23-Sep-19,11600.2
20-Sep-19,11274.2
19-Sep-19,10704.8
18-Sep-19,10840.65
17-Sep-19,10817.6
16-Sep-19,11003.5
13-Sep-19,11075.9
12-Sep-19,10982.8
11-Sep-19,11035.7
09-Sep-19,11003.05
06-Sep-19,10946.2
05-Sep-19,10847.9
04-Sep-19,10844.65
03-Sep-19,10797.9
30-Aug-19,11023.25
29-Aug-19,10948.3
28-Aug-19,11046.1
27-Aug-19,11105.35
26-Aug-19,11057.85
23-Aug-19,10829.35
22-Aug-19,10741.35
21-Aug-19,10918.7
20-Aug-19,11017
19-Aug-19,11053.9
16-Aug-19,11047.8
14-Aug-19,11029.4
13-Aug-19,10925.85
09-Aug-19,11109.65
08-Aug-19,11032.45
07-Aug-19,10855.5
06-Aug-19,10948.25
05-Aug-19,10862.6
02-Aug-19,10997.35
01-Aug-19,10980
31-Jul-19,11118
30-Jul-19,11085.4
29-Jul-19,11189.2
26-Jul-19,11284.3
25-Jul-19,11252.15
24-Jul-19,11271.3
23-Jul-19,11331.05
22-Jul-19,11346.2
19-Jul-19,11419.25
18-Jul-19,11596.9
17-Jul-19,11687.5
16-Jul-19,11662.6
15-Jul-19,11588.35
12-Jul-19,11552.5
11-Jul-19,11582.9
10-Jul-19,11498.9
09-Jul-19,11555.9
08-Jul-19,11558.6
05-Jul-19,11811.15
04-Jul-19,11946.75
03-Jul-19,11916.75
02-Jul-19,11910.3
01-Jul-19,11865.6
28-Jun-19,11788.85
27-Jun-19,11841.55
26-Jun-19,11847.55
25-Jun-19,11796.45
24-Jun-19,11699.65
21-Jun-19,11724.1
20-Jun-19,11831.75
19-Jun-19,11691.45
18-Jun-19,11691.5
17-Jun-19,11672.15
14-Jun-19,11823.3
13-Jun-19,11914.05
12-Jun-19,11906.2
11-Jun-19,11965.6
10-Jun-19,11922.7
07-Jun-19,11870.65
06-Jun-19,11843.75
04-Jun-19,12021.65
03-Jun-19,12088.55
31-May-19,11922.8
30-May-19,11945.9
29-May-19,11861.1
28-May-19,11928.75
27-May-19,11924.75
24-May-19,11844.1
23-May-19,11657.05
22-May-19,11737.9
21-May-19,11709.1
20-May-19,11828.25
17-May-19,11407.15
16-May-19,11257.1
15-May-19,11157
14-May-19,11222.05
13-May-19,11148.2
10-May-19,11278.9
09-May-19,11301.8
08-May-19,11359.45
07-May-19,11497.9
06-May-19,11598.25
03-May-19,11712.25
02-May-19,11724.75
30-Apr-19,11748.15
26-Apr-19,11754.65
25-Apr-19,11641.8
24-Apr-19,11726.15
23-Apr-19,11575.95
22-Apr-19,11594.45
18-Apr-19,11752.8
16-Apr-19,11787.15
15-Apr-19,11690.35
12-Apr-19,11643.45
11-Apr-19,11596.7
10-Apr-19,11584.3
09-Apr-19,11671.95
08-Apr-19,11604.5
05-Apr-19,11665.95
04-Apr-19,11598
03-Apr-19,11643.95
02-Apr-19,11713.2
01-Apr-19,11669.15
29-Mar-19,11623.9
28-Mar-19,11570
27-Mar-19,11445.05
26-Mar-19,11483.25
25-Mar-19,11354.25
22-Mar-19,11456.9
20-Mar-19,11521.05
19-Mar-19,11532.4
18-Mar-19,11462.2
15-Mar-19,11426.85
14-Mar-19,11343.25
13-Mar-19,11341.7
12-Mar-19,11301.2
11-Mar-19,11168.05
08-Mar-19,11035.4
07-Mar-19,11058.2
06-Mar-19,11053
05-Mar-19,10987.45
01-Mar-19,10863.5
28-Feb-19,10792.5
27-Feb-19,10806.65
26-Feb-19,10835.3
25-Feb-19,10880.1
22-Feb-19,10791.65
21-Feb-19,10789.85
20-Feb-19,10735.45
19-Feb-19,10604.35
18-Feb-19,10640.95
15-Feb-19,10724.4
14-Feb-19,10746.05
13-Feb-19,10793.65
12-Feb-19,10831.4
11-Feb-19,10888.8
08-Feb-19,10943.6
07-Feb-19,11069.4
06-Feb-19,11062.45
05-Feb-19,10934.35
04-Feb-19,10912.25
01-Feb-19,10893.65
31-Jan-19,10830.95
30-Jan-19,10651.8
29-Jan-19,10652.2
28-Jan-19,10661.55
25-Jan-19,10780.55
24-Jan-19,10849.8
23-Jan-19,10831.5
22-Jan-19,10922.75
21-Jan-19,10961.85
18-Jan-19,10906.95
17-Jan-19,10905.2
16-Jan-19,10890.3
15-Jan-19,10886.8
14-Jan-19,10737.6
11-Jan-19,10794.95
10-Jan-19,10821.6
09-Jan-19,10855.15
08-Jan-19,10802.15
07-Jan-19,10771.8
04-Jan-19,10727.35
03-Jan-19,10672.25
02-Jan-19,10792.5
01-Jan-19,10910.1
31-Dec-18,10862.55
28-Dec-18,10859.9
27-Dec-18,10779.8
26-Dec-18,10729.85
24-Dec-18,10663.5
21-Dec-18,10754
20-Dec-18,10951.7
19-Dec-18,10967.3
18-Dec-18,10908.7
17-Dec-18,10888.35
14-Dec-18,10805.45
13-Dec-18,10791.55
12-Dec-18,10737.6
11-Dec-18,10549.15
10-Dec-18,10488.45
07-Dec-18,10693.7
06-Dec-18,10601.15
05-Dec-18,10782.9
04-Dec-18,10869.5
03-Dec-18,10883.75
30-Nov-18,10876.75
29-Nov-18,10858.7
28-Nov-18,10728.85
27-Nov-18,10685.6
26-Nov-18,10628.6
22-Nov-18,10526.75
21-Nov-18,10600.05
20-Nov-18,10656.2
19-Nov-18,10763.4
16-Nov-18,10682.2
15-Nov-18,10616.7
14-Nov-18,10576.3
13-Nov-18,10582.5
12-Nov-18,10482.2
09-Nov-18,10585.2
07-Nov-18,10598.4
06-Nov-18,10530
05-Nov-18,10524
02-Nov-18,10553
01-Nov-18,10380.45
31-Oct-18,10386.6
30-Oct-18,10198.4
29-Oct-18,10250.85
26-Oct-18,10030
25-Oct-18,10124.9
24-Oct-18,10224.75
23-Oct-18,10146.8
22-Oct-18,10245.25
19-Oct-18,10303.55
17-Oct-18,10453.05
16-Oct-18,10584.75
15-Oct-18,10512.5
12-Oct-18,10472.5
11-Oct-18,10234.65
10-Oct-18,10460.1
09-Oct-18,10301.05
08-Oct-18,10348.05
05-Oct-18,10316.45
04-Oct-18,10599.25
03-Oct-18,10858.25
01-Oct-18,11008.3
28-Sep-18,10930.45
27-Sep-18,10977.55
26-Sep-18,11053.8
25-Sep-18,11067.45
24-Sep-18,10967.4
21-Sep-18,11143.1
19-Sep-18,11234.35
18-Sep-18,11278.9
17-Sep-18,11377.75
14-Sep-18,11515.2
12-Sep-18,11369.9
11-Sep-18,11287.5
10-Sep-18,11438.1
07-Sep-18,11589.1
06-Sep-18,11536.9
05-Sep-18,11476.95
04-Sep-18,11520.3
03-Sep-18,11582.35
31-Aug-18,11680.5
30-Aug-18,11676.8
29-Aug-18,11691.9
28-Aug-18,11738.5
27-Aug-18,11691.95
24-Aug-18,11557.1
23-Aug-18,11582.75
21-Aug-18,11570.9
20-Aug-18,11551.75
17-Aug-18,11470.75
16-Aug-18,11385.05
14-Aug-18,11435.1
13-Aug-18,11355.75
10-Aug-18,11429.5
09-Aug-18,11470.7
08-Aug-18,11450
07-Aug-18,11389.45
06-Aug-18,11387.1
03-Aug-18,11360.8
02-Aug-18,11244.7
01-Aug-18,11346.2
31-Jul-18,11356.5
30-Jul-18,11319.55
27-Jul-18,11278.35
26-Jul-18,11167.3
25-Jul-18,11132
24-Jul-18,11134.3
23-Jul-18,11084.75
20-Jul-18,11010.2
19-Jul-18,10957.1
18-Jul-18,10980.45
17-Jul-18,11008.05
16-Jul-18,10936.85
13-Jul-18,11018.9
12-Jul-18,11023.2
11-Jul-18,10948.3
10-Jul-18,10947.25
09-Jul-18,10852.9
06-Jul-18,10772.65
05-Jul-18,10749.75
04-Jul-18,10769.9
03-Jul-18,10699.9
02-Jul-18,10657.3
29-Jun-18,10714.3
28-Jun-18,10589.1
27-Jun-18,10671.4
26-Jun-18,10769.15
25-Jun-18,10762.45
22-Jun-18,10821.85
21-Jun-18,10741.1
20-Jun-18,10772.05
19-Jun-18,10710.45
18-Jun-18,10799.85
15-Jun-18,10817.7
14-Jun-18,10808.05
13-Jun-18,10856.7
12-Jun-18,10842.85
11-Jun-18,10786.95
08-Jun-18,10767.65
07-Jun-18,10768.35
06-Jun-18,10684.65
05-Jun-18,10593.15
04-Jun-18,10628.5
01-Jun-18,10696.2
31-May-18,10736.15
30-May-18,10614.35
29-May-18,10633.3
28-May-18,10688.65
25-May-18,10605.15
24-May-18,10513.85
23-May-18,10430.35
22-May-18,10536.7
21-May-18,10516.7
18-May-18,10596.4
17-May-18,10682.7
16-May-18,10741.1
15-May-18,10801.85
14-May-18,10806.6
11-May-18,10806.5
10-May-18,10716.55
09-May-18,10741.7
08-May-18,10717.8
07-May-18,10715.5
04-May-18,10618.25
03-May-18,10679.65
02-May-18,10718.05
30-Apr-18,10739.35
27-Apr-18,10692.3
26-Apr-18,10617.8
25-Apr-18,10570.55
24-Apr-18,10614.35
23-Apr-18,10584.7
20-Apr-18,10564.05
19-Apr-18,10565.3
18-Apr-18,10526.2
17-Apr-18,10548.7
16-Apr-18,10528.35
13-Apr-18,10480.6
12-Apr-18,10458.65
11-Apr-18,10417.15
10-Apr-18,10402.25
09-Apr-18,10379.35
06-Apr-18,10331.6
05-Apr-18,10325.15
04-Apr-18,10128.4
03-Apr-18,10245
02-Apr-18,10211.8
28-Mar-18,10113.7
27-Mar-18,10184.15
26-Mar-18,10130.65
23-Mar-18,9998.05
22-Mar-18,10114.75
21-Mar-18,10155.25
20-Mar-18,10124.35
19-Mar-18,10094.25
16-Mar-18,10195.15
15-Mar-18,10360.15
14-Mar-18,10410.9
13-Mar-18,10426.85
12-Mar-18,10421.4
09-Mar-18,10226.85
08-Mar-18,10242.65
07-Mar-18,10154.2
06-Mar-18,10249.25
05-Mar-18,10358.85
01-Mar-18,10458.35
28-Feb-18,10492.85
27-Feb-18,10554.3
26-Feb-18,10582.6
23-Feb-18,10491.05
22-Feb-18,10382.7
21-Feb-18,10397.45
20-Feb-18,10360.4
19-Feb-18,10378.4
16-Feb-18,10452.3
15-Feb-18,10545.5
14-Feb-18,10500.9
12-Feb-18,10539.75
09-Feb-18,10454.95
08-Feb-18,10576.85
07-Feb-18,10476.7
06-Feb-18,10498.25
05-Feb-18,10666.55
02-Feb-18,10760.6
01-Feb-18,11016.9
31-Jan-18,11027.7
30-Jan-18,11049.65
29-Jan-18,11130.4
25-Jan-18,11069.65
24-Jan-18,11086
23-Jan-18,11083.7
22-Jan-18,10966.2
19-Jan-18,10894.7
18-Jan-18,10817
17-Jan-18,10788.55
16-Jan-18,10700.45
15-Jan-18,10741.55
12-Jan-18,10681.25
11-Jan-18,10651.2
10-Jan-18,10632.2
09-Jan-18,10637
08-Jan-18,10623.6
05-Jan-18,10558.85
04-Jan-18,10504.8
03-Jan-18,10443.2
02-Jan-18,10442.2
01-Jan-18,10435.55
29-Dec-17,10530
28-Dec-17,10477
27-Dec-17,10490
26-Dec-17,10531
22-Dec-17,10493
21-Dec-17,10440
20-Dec-17,10444
19-Dec-17,10463
18-Dec-17,10388
15-Dec-17,10333
14-Dec-17,10252
13-Dec-17,10192
12-Dec-17,10240
11-Dec-17,10322
08-Dec-17,10265
07-Dec-17,10166
06-Dec-17,10044
05-Dec-17,10118
04-Dec-17,10127
01-Dec-17,10121
30-Nov-17,10226
29-Nov-17,10361
28-Nov-17,10370
27-Nov-17,10399
24-Nov-17,10389
23-Nov-17,10348
22-Nov-17,10342
21-Nov-17,10326
20-Nov-17,10298
17-Nov-17,10283
16-Nov-17,10214
15-Nov-17,10118
14-Nov-17,10186
13-Nov-17,10224
10-Nov-17,10321
09-Nov-17,10308
08-Nov-17,10303
07-Nov-17,10350
06-Nov-17,10451
03-Nov-17,10452
02-Nov-17,10423
01-Nov-17,10440
31-Oct-17,10335
30-Oct-17,10363
27-Oct-17,10323
26-Oct-17,10343
25-Oct-17,10295
24-Oct-17,10207
23-Oct-17,10184
19-Oct-17,10146
18-Oct-17,10210
17-Oct-17,10234
16-Oct-17,10230
13-Oct-17,10167
12-Oct-17,10096
11-Oct-17,9984.8
10-Oct-17,10016
09-Oct-17,9988.7
06-Oct-17,9979.7
05-Oct-17,9888.7
04-Oct-17,9914.9
03-Oct-17,9859.5
29-Sep-17,9788.6
28-Sep-17,9768.9
27-Sep-17,9735.7
26-Sep-17,9871.5
25-Sep-17,9872.6
22-Sep-17,9964.4
21-Sep-17,10121
20-Sep-17,10141
19-Sep-17,10147
18-Sep-17,10153
15-Sep-17,10085
14-Sep-17,10086
13-Sep-17,10079
12-Sep-17,10093
11-Sep-17,10006
08-Sep-17,9934.8
07-Sep-17,9929.9
06-Sep-17,9916.2
05-Sep-17,9952.2
04-Sep-17,9912.8
01-Sep-17,9974.4
31-Aug-17,9917.9
30-Aug-17,9884.4
29-Aug-17,9796
28-Aug-17,9912.8
24-Aug-17,9857
23-Aug-17,9852.5
22-Aug-17,9765.5
21-Aug-17,9754.3
18-Aug-17,9837.4
17-Aug-17,9904.1
16-Aug-17,9897.3
14-Aug-17,9794.1
11-Aug-17,9710.8
10-Aug-17,9820.2
09-Aug-17,9908
08-Aug-17,9978.5
07-Aug-17,10057
04-Aug-17,10066
03-Aug-17,10013
02-Aug-17,10081
01-Aug-17,10114
31-Jul-17,10077
28-Jul-17,10014
27-Jul-17,10020
26-Jul-17,10020
25-Jul-17,9964.5
24-Jul-17,9966.4
21-Jul-17,9915.2
20-Jul-17,9873.3
19-Jul-17,9899.6
18-Jul-17,9827.1
17-Jul-17,9915.9
14-Jul-17,9886.3
13-Jul-17,9891.7
12-Jul-17,9816.1
11-Jul-17,9786
10-Jul-17,9771
07-Jul-17,9665.8
06-Jul-17,9674.5
05-Jul-17,9637.6
04-Jul-17,9613.3
03-Jul-17,9615
30-Jun-17,9520.9
29-Jun-17,9504.1
28-Jun-17,9491.2
27-Jun-17,9511.4
23-Jun-17,9574.9
22-Jun-17,9630
21-Jun-17,9633.6
20-Jun-17,9653.5
19-Jun-17,9657.5
16-Jun-17,9588
15-Jun-17,9578
14-Jun-17,9618.1
13-Jun-17,9606.9
12-Jun-17,9616.4
09-Jun-17,9668.2
08-Jun-17,9647.2
07-Jun-17,9663.9
06-Jun-17,9637.1
05-Jun-17,9675.1
02-Jun-17,9653.5
01-Jun-17,9616.1
31-May-17,9621.2
30-May-17,9624.5
29-May-17,9604.9
26-May-17,9595.1
25-May-17,9509.7
24-May-17,9360.5
23-May-17,9386.1
22-May-17,9438.2
19-May-17,9427.9
18-May-17,9429.4
17-May-17,9525.7
16-May-17,9512.2
15-May-17,9445.4
12-May-17,9400.9
11-May-17,9422.4
10-May-17,9407.3
09-May-17,9316.8
08-May-17,9314
05-May-17,9285.3
04-May-17,9359.9
03-May-17,9311.9
02-May-17,9313.8
28-Apr-17,9304
27-Apr-17,9342.1
26-Apr-17,9351.8
25-Apr-17,9306.6
24-Apr-17,9217.9
21-Apr-17,9119.4
20-Apr-17,9136.4
19-Apr-17,9103.5
18-Apr-17,9105.1
17-Apr-17,9139.3
13-Apr-17,9150.8
12-Apr-17,9203.4
11-Apr-17,9237
10-Apr-17,9181.4
07-Apr-17,9198.3
06-Apr-17,9261.9
05-Apr-17,9265.1
03-Apr-17,9237.8
31-Mar-17,9173.7
30-Mar-17,9173.7
29-Mar-17,9143.8
28-Mar-17,9100.8
27-Mar-17,9045.2
24-Mar-17,9108
23-Mar-17,9086.3
22-Mar-17,9030.4
21-Mar-17,9121.5
20-Mar-17,9126.8
17-Mar-17,9160
16-Mar-17,9153.7
15-Mar-17,9084.8
14-Mar-17,9087
10-Mar-17,8934.5
09-Mar-17,8927
08-Mar-17,8924.3
07-Mar-17,8946.9
06-Mar-17,8963.4
03-Mar-17,8897.5
02-Mar-17,8899.7
01-Mar-17,8945.8
28-Feb-17,8879.6
27-Feb-17,8896.7
23-Feb-17,8939.5
22-Feb-17,8926.9
21-Feb-17,8907.8
20-Feb-17,8879.2
17-Feb-17,8821.7
16-Feb-17,8778
15-Feb-17,8724.7
14-Feb-17,8792.3
13-Feb-17,8805
10-Feb-17,8793.5
09-Feb-17,8778.4
08-Feb-17,8769
07-Feb-17,8768.3
06-Feb-17,8801
03-Feb-17,8740.9
02-Feb-17,8734.2
01-Feb-17,8716.4
31-Jan-17,8561.3
30-Jan-17,8632.7
27-Jan-17,8641.2
25-Jan-17,8602.7
24-Jan-17,8475.8
23-Jan-17,8391.5
20-Jan-17,8349.3
19-Jan-17,8435.1
18-Jan-17,8417
17-Jan-17,8398
16-Jan-17,8412.8
13-Jan-17,8400.3
12-Jan-17,8407.2
11-Jan-17,8380.6
10-Jan-17,8288.6
09-Jan-17,8236
06-Jan-17,8243.8
05-Jan-17,8273.8
04-Jan-17,8190.5
03-Jan-17,8192.2
02-Jan-17,8179.5
30-Dec-16,8185.8
29-Dec-16,8103.6
28-Dec-16,8034.8
27-Dec-16,8032.8
26-Dec-16,7908.2
23-Dec-16,7985.7
22-Dec-16,7979.1
21-Dec-16,8061.3
20-Dec-16,8082.4
19-Dec-16,8104.3
16-Dec-16,8139.4
15-Dec-16,8153.6
14-Dec-16,8182.4
13-Dec-16,8221.8
12-Dec-16,8170.8
09-Dec-16,8261.7
08-Dec-16,8246.8
07-Dec-16,8102
06-Dec-16,8143.1
05-Dec-16,8128.7
02-Dec-16,8086.8
01-Dec-16,8192.9
30-Nov-16,8224.5
29-Nov-16,8142.1
28-Nov-16,8126.9
25-Nov-16,8114.3
24-Nov-16,7965.5
23-Nov-16,8033.3
22-Nov-16,8002.3
21-Nov-16,7929.1
18-Nov-16,8074.1
17-Nov-16,8079.9
16-Nov-16,8111.6
15-Nov-16,8108.4
11-Nov-16,8296.3
10-Nov-16,8525.7
09-Nov-16,8432
08-Nov-16,8543.5
07-Nov-16,8497
04-Nov-16,8433.7
03-Nov-16,8484.9
02-Nov-16,8514
01-Nov-16,8626.2
30-Oct-16,8625.7
28-Oct-16,8638
27-Oct-16,8615.2
26-Oct-16,8615.2
25-Oct-16,8691.3
24-Oct-16,8708.9
21-Oct-16,8693
20-Oct-16,8699.4
19-Oct-16,8659.1
18-Oct-16,8677.9
17-Oct-16,8520.4
14-Oct-16,8583.4
13-Oct-16,8573.3
10-Oct-16,8708.8
07-Oct-16,8697.6
06-Oct-16,8709.5
05-Oct-16,8743.9
04-Oct-16,8769.1
03-Oct-16,8738.1
30-Sep-16,8611.1
29-Sep-16,8591.2
28-Sep-16,8745.1
27-Sep-16,8706.4
26-Sep-16,8723
23-Sep-16,8831.5
22-Sep-16,8867.4
21-Sep-16,8777.1
20-Sep-16,8775.9
19-Sep-16,8808.4
16-Sep-16,8779.8
15-Sep-16,8742.5
14-Sep-16,8726.6
12-Sep-16,8715.6
09-Sep-16,8866.7
08-Sep-16,8952.5
07-Sep-16,8917.9
06-Sep-16,8943
02-Sep-16,8809.6
01-Sep-16,8774.6
31-Aug-16,8786.2
30-Aug-16,8744.3
29-Aug-16,8607.4
26-Aug-16,8572.5
25-Aug-16,8592.2
24-Aug-16,8650.3
23-Aug-16,8632.6
22-Aug-16,8629.1
19-Aug-16,8666.9
18-Aug-16,8673.2
17-Aug-16,8624
16-Aug-16,8642.5
12-Aug-16,8672.1
11-Aug-16,8592.1
10-Aug-16,8575.3
09-Aug-16,8678.2
08-Aug-16,8711.3
05-Aug-16,8683.1
04-Aug-16,8551.1
03-Aug-16,8544.8
02-Aug-16,8622.9
01-Aug-16,8636.5
29-Jul-16,8638.5
28-Jul-16,8666.3
27-Jul-16,8615.8
26-Jul-16,8590.6
25-Jul-16,8635.6
22-Jul-16,8541.2
21-Jul-16,8510.1
20-Jul-16,8565.8
19-Jul-16,8528.5
18-Jul-16,8508.7
15-Jul-16,8541.4
14-Jul-16,8565
13-Jul-16,8519.5
12-Jul-16,8521
11-Jul-16,8467.9
08-Jul-16,8323.2
07-Jul-16,8337.9
05-Jul-16,8335.9
04-Jul-16,8370.7
01-Jul-16,8328.3
30-Jun-16,8287.7
29-Jun-16,8204
28-Jun-16,8127.8
27-Jun-16,8094.7
24-Jun-16,8088.6
23-Jun-16,8270.4
22-Jun-16,8203.7
21-Jun-16,8219.9
20-Jun-16,8238.5
17-Jun-16,8170.2
16-Jun-16,8140.7
15-Jun-16,8206.6
14-Jun-16,8108.8
13-Jun-16,8110.6
10-Jun-16,8170
09-Jun-16,8203.6
08-Jun-16,8273
07-Jun-16,8266.4
06-Jun-16,8201
03-Jun-16,8220.8
02-Jun-16,8218.9
01-Jun-16,8179.9
31-May-16,8160.1
30-May-16,8178.5
27-May-16,8156.6
26-May-16,8069.6
25-May-16,7934.9
24-May-16,7748.8
23-May-16,7731
20-May-16,7749.7
19-May-16,7783.4
18-May-16,7870.1
17-May-16,7890.7
16-May-16,7860.7
13-May-16,7814.9
12-May-16,7900.4
11-May-16,7848.8
10-May-16,7887.8
09-May-16,7866
06-May-16,7733.4
05-May-16,7735.5
04-May-16,7706.5
03-May-16,7747
02-May-16,7805.9
29-Apr-16,7849.8
28-Apr-16,7847.2
27-Apr-16,7979.9
26-Apr-16,7962.6
25-Apr-16,7855
22-Apr-16,7899.3
21-Apr-16,7912
20-Apr-16,7914.7
18-Apr-16,7914.7
13-Apr-16,7850.4
12-Apr-16,7708.9
11-Apr-16,7671.4
08-Apr-16,7555.2
07-Apr-16,7546.4
06-Apr-16,7614.3
05-Apr-16,7603.2
04-Apr-16,7758.8
01-Apr-16,7713
31-Mar-16,7738.4
30-Mar-16,7735.2
29-Mar-16,7597
28-Mar-16,7615.1
23-Mar-16,7716.5
22-Mar-16,7714.9
21-Mar-16,7704.2
18-Mar-16,7604.3
17-Mar-16,7512.5
16-Mar-16,7498.7
15-Mar-16,7460.6
14-Mar-16,7538.7
11-Mar-16,7510.2
10-Mar-16,7486.1
09-Mar-16,7531.8
08-Mar-16,7485.3
04-Mar-16,7485.3
03-Mar-16,7475.6
02-Mar-16,7368.8
01-Mar-16,7222.3
29-Feb-16,6987
26-Feb-16,7029.7
25-Feb-16,6970.6
24-Feb-16,7018.7
23-Feb-16,7109.5
22-Feb-16,7234.5
19-Feb-16,7210.7
18-Feb-16,7191.7
17-Feb-16,7108.4
16-Feb-16,7048.2
15-Feb-16,7162.9
12-Feb-16,6980.9
11-Feb-16,6976.3
10-Feb-16,7215.7
09-Feb-16,7298.2
08-Feb-16,7387.2
05-Feb-16,7489.1
04-Feb-16,7404
03-Feb-16,7361.8
02-Feb-16,7455.5
01-Feb-16,7555.9
29-Jan-16,7563.5
28-Jan-16,7424.6
27-Jan-16,7437.7
25-Jan-16,7436.1
22-Jan-16,7422.4
21-Jan-16,7276.8
20-Jan-16,7309.3
19-Jan-16,7435.1
18-Jan-16,7351
15-Jan-16,7437.8
14-Jan-16,7536.8
13-Jan-16,7562.4
12-Jan-16,7510.3
11-Jan-16,7563.8
08-Jan-16,7601.3
07-Jan-16,7568.3
06-Jan-16,7741
05-Jan-16,7784.6
04-Jan-16,7791.3
01-Jan-16,7963.2
31-Dec-15,7946.3
30-Dec-15,7896.2
29-Dec-15,7928.9
28-Dec-15,7925.1
24-Dec-15,7861
23-Dec-15,7865.9
22-Dec-15,7786.1
21-Dec-15,7834.4
18-Dec-15,7761.9
17-Dec-15,7844.3
16-Dec-15,7750.9
15-Dec-15,7700.9
14-Dec-15,7650
11-Dec-15,7610.4
10-Dec-15,7683.3
09-Dec-15,7612.5
08-Dec-15,7701.7
07-Dec-15,7765.4
04-Dec-15,7781.9
03-Dec-15,7864.1
02-Dec-15,7931.3
01-Dec-15,7954.9
30-Nov-15,7935.2
27-Nov-15,7942.7
26-Nov-15,7883.8
24-Nov-15,7831.6
23-Nov-15,7849.2
20-Nov-15,7856.5
19-Nov-15,7842.7
18-Nov-15,7731.8
17-Nov-15,7837.5
16-Nov-15,7806.6
13-Nov-15,7762.2
11-Nov-15,7825
10-Nov-15,7783.3
09-Nov-15,7915.2
06-Nov-15,7954.3
05-Nov-15,7955.4
04-Nov-15,8040.2
03-Nov-15,8060.7
02-Nov-15,8050.8
30-Oct-15,8065.8
29-Oct-15,8111.7
28-Oct-15,8171.2
27-Oct-15,8232.9
26-Oct-15,8260.5
23-Oct-15,8295.4
21-Oct-15,8251.7
20-Oct-15,8261.6
19-Oct-15,8275
16-Oct-15,8238.1
15-Oct-15,8179.5
14-Oct-15,8107.9
13-Oct-15,8131.7
12-Oct-15,8143.6
09-Oct-15,8189.7
08-Oct-15,8129.3
07-Oct-15,8177.4
06-Oct-15,8152.9
05-Oct-15,8119.3
01-Oct-15,7950.9
30-Sep-15,7948.9
29-Sep-15,7843.3
28-Sep-15,7795.7
24-Sep-15,7868.5
23-Sep-15,7845.9
22-Sep-15,7812
21-Sep-15,7977.1
18-Sep-15,7981.9
16-Sep-15,7899.1
15-Sep-15,7829.1
14-Sep-15,7872.2
11-Sep-15,7789.3
10-Sep-15,7788.1
09-Sep-15,7818.6
08-Sep-15,7688.2
07-Sep-15,7558.8
04-Sep-15,7655
03-Sep-15,7823
02-Sep-15,7717
01-Sep-15,7785.8
31-Aug-15,7971.3
28-Aug-15,8001.9
27-Aug-15,7948.9
26-Aug-15,7791.8
25-Aug-15,7880.7
24-Aug-15,7809
21-Aug-15,8299.9
20-Aug-15,8372.7
19-Aug-15,8495.1
18-Aug-15,8466.5
17-Aug-15,8477.3
14-Aug-15,8518.5
13-Aug-15,8355.8
12-Aug-15,8349.4
11-Aug-15,8462.3
10-Aug-15,8525.6
07-Aug-15,8564.6
06-Aug-15,8588.6
05-Aug-15,8567.9
04-Aug-15,8516.9
03-Aug-15,8543
31-Jul-15,8532.8
30-Jul-15,8421.8
29-Jul-15,8375
28-Jul-15,8337
27-Jul-15,8361
24-Jul-15,8521.5
23-Jul-15,8589.8
22-Jul-15,8633.5
21-Jul-15,8529.4
20-Jul-15,8603.4
17-Jul-15,8609.8
16-Jul-15,8608
15-Jul-15,8523.8
14-Jul-15,8454.1
13-Jul-15,8459.6
10-Jul-15,8360.5
09-Jul-15,8328.5
08-Jul-15,8363
07-Jul-15,8510.8
06-Jul-15,8522.1
03-Jul-15,8484.9
02-Jul-15,8444.9
01-Jul-15,8453
30-Jun-15,8368.5
29-Jun-15,8318.4
26-Jun-15,8381.1
25-Jun-15,8398
24-Jun-15,8360.8
23-Jun-15,8381.5
22-Jun-15,8353.1
19-Jun-15,8224.9
18-Jun-15,8174.6
17-Jun-15,8091.5
16-Jun-15,8047.3
15-Jun-15,8013.9
12-Jun-15,7982.9
11-Jun-15,7965.3
10-Jun-15,8124.4
09-Jun-15,8022.4
08-Jun-15,8044.1
05-Jun-15,8114.7
04-Jun-15,8130.6
03-Jun-15,8135.1
02-Jun-15,8236.4
01-Jun-15,8433.4
29-May-15,8433.6
28-May-15,8319
27-May-15,8334.6
26-May-15,8339.3
25-May-15,8370.2
22-May-15,8458.9
21-May-15,8421
20-May-15,8423.2
19-May-15,8365.6
18-May-15,8373.6
15-May-15,8262.3
14-May-15,8224.2
13-May-15,8235.4
12-May-15,8126.9
11-May-15,8325.2
08-May-15,8191.5
07-May-15,8057.3
06-May-15,8097
05-May-15,8324.8
04-May-15,8331.9
30-Apr-15,8181.5
29-Apr-15,8239.7
28-Apr-15,8285.6
27-Apr-15,8213.8
24-Apr-15,8305.2
23-Apr-15,8398.3
22-Apr-15,8429.7
21-Apr-15,8377.7
20-Apr-15,8448.1
17-Apr-15,8606
16-Apr-15,8706.7
15-Apr-15,8750.2
13-Apr-15,8834
10-Apr-15,8780.3
09-Apr-15,8778.3
08-Apr-15,8714.4
07-Apr-15,8660.3
06-Apr-15,8659.9
01-Apr-15,8586.2
31-Mar-15,8491
30-Mar-15,8492.3
27-Mar-15,8341.4
26-Mar-15,8342.1
25-Mar-15,8530.8
24-Mar-15,8542.9
23-Mar-15,8550.9
20-Mar-15,8570.9
19-Mar-15,8634.6
18-Mar-15,8685.9
17-Mar-15,8723.3
16-Mar-15,8633.1
13-Mar-15,8647.7
12-Mar-15,8776
11-Mar-15,8699.9
10-Mar-15,8712
09-Mar-15,8756.7
05-Mar-15,8937.7
04-Mar-15,8922.6
03-Mar-15,8996.2
02-Mar-15,8956.7
28-Feb-15,8901.8
27-Feb-15,8844.6
26-Feb-15,8683.8
25-Feb-15,8767.2
24-Feb-15,8762.1
23-Feb-15,8754.9
20-Feb-15,8833.6
19-Feb-15,8895.3
18-Feb-15,8869.1
16-Feb-15,8809.3
13-Feb-15,8805.5
12-Feb-15,8711.5
11-Feb-15,8627.4
10-Feb-15,8565.5
09-Feb-15,8526.3
06-Feb-15,8661
05-Feb-15,8711.7
04-Feb-15,8723.7
03-Feb-15,8756.5
02-Feb-15,8797.4
30-Jan-15,8808.9
29-Jan-15,8952.3
28-Jan-15,8914.3
27-Jan-15,8910.5
23-Jan-15,8835.6
22-Jan-15,8761.4
21-Jan-15,8729.5
20-Jan-15,8695.6
19-Jan-15,8550.7
16-Jan-15,8513.8
15-Jan-15,8494.1
14-Jan-15,8277.5
13-Jan-15,8299.4
12-Jan-15,8323
09-Jan-15,8284.5
08-Jan-15,8234.6
07-Jan-15,8102.1
06-Jan-15,8127.3
05-Jan-15,8378.4
02-Jan-15,8395.4
01-Jan-15,8284
31-Dec-14,8282.7
30-Dec-14,8248.2
29-Dec-14,8246.3
26-Dec-14,8200.7
24-Dec-14,8174.1
23-Dec-14,8267
22-Dec-14,8324
19-Dec-14,8225.2
18-Dec-14,8159.3
17-Dec-14,8029.8
16-Dec-14,8067.6
15-Dec-14,8219.6
12-Dec-14,8224.1
11-Dec-14,8292.9
10-Dec-14,8355.6
09-Dec-14,8340.7
08-Dec-14,8438.2
05-Dec-14,8538.3
04-Dec-14,8564.4
03-Dec-14,8537.6
02-Dec-14,8524.7
01-Dec-14,8555.9
28-Nov-14,8588.2
27-Nov-14,8494.2
26-Nov-14,8475.7
25-Nov-14,8463.1
24-Nov-14,8530.1
21-Nov-14,8477.3
20-Nov-14,8401.9
19-Nov-14,8382.3
18-Nov-14,8425.9
17-Nov-14,8430.7
14-Nov-14,8389.9
13-Nov-14,8357.8
12-Nov-14,8383.3
11-Nov-14,8362.6
10-Nov-14,8344.2
07-Nov-14,8337
05-Nov-14,8338.3
03-Nov-14,8324.1
31-Oct-14,8322.2
30-Oct-14,8169.2
29-Oct-14,8090.4
28-Oct-14,8027.6
27-Oct-14,7991.7
23-Oct-14,8014.5
22-Oct-14,7995.9
21-Oct-14,7927.7
20-Oct-14,7879.4
17-Oct-14,7779.7
16-Oct-14,7748.2
14-Oct-14,7864
13-Oct-14,7884.2
10-Oct-14,7859.9
09-Oct-14,7960.5
08-Oct-14,7842.7
07-Oct-14,7852.4
01-Oct-14,7945.5
30-Sep-14,7964.8
29-Sep-14,7958.9
26-Sep-14,7968.8
25-Sep-14,7911.8
24-Sep-14,8002.4
23-Sep-14,8017.5
22-Sep-14,8146.3
19-Sep-14,8121.4
18-Sep-14,8114.7
17-Sep-14,7975.5
16-Sep-14,7932.9
15-Sep-14,8042
12-Sep-14,8105.5
11-Sep-14,8085.7
10-Sep-14,8094.1
09-Sep-14,8152.9
08-Sep-14,8173.9
05-Sep-14,8086.8
04-Sep-14,8095.9
03-Sep-14,8114.6
02-Sep-14,8083
01-Sep-14,8027.7
28-Aug-14,7954.3
27-Aug-14,7936
26-Aug-14,7904.7
25-Aug-14,7906.3
22-Aug-14,7913.2
21-Aug-14,7891.1
20-Aug-14,7875.3
19-Aug-14,7897.5
18-Aug-14,7874.2
14-Aug-14,7791.7
13-Aug-14,7739.5
12-Aug-14,7727
11-Aug-14,7625.9
08-Aug-14,7568.5
07-Aug-14,7649.2
06-Aug-14,7672
05-Aug-14,7746.5
04-Aug-14,7683.6
01-Aug-14,7602.6
31-Jul-14,7721.3
30-Jul-14,7791.4
28-Jul-14,7748.7
25-Jul-14,7790.4
24-Jul-14,7830.6
23-Jul-14,7795.7
22-Jul-14,7767.8
21-Jul-14,7684.2
18-Jul-14,7663.9
17-Jul-14,7640.4
16-Jul-14,7624.4
15-Jul-14,7526.6
14-Jul-14,7454.1
11-Jul-14,7459.6
10-Jul-14,7567.7
09-Jul-14,7585
08-Jul-14,7623.2
07-Jul-14,7787.1
04-Jul-14,7751.6
03-Jul-14,7714.8
02-Jul-14,7725.1
01-Jul-14,7634.7
30-Jun-14,7611.3
27-Jun-14,7508.8
26-Jun-14,7493.2
25-Jun-14,7569.2
24-Jun-14,7580.2
23-Jun-14,7493.3
20-Jun-14,7511.4
19-Jun-14,7540.7
18-Jun-14,7558.2
17-Jun-14,7631.7
16-Jun-14,7533.5
13-Jun-14,7542.1
12-Jun-14,7649.9
11-Jun-14,7626.8
10-Jun-14,7656.4
09-Jun-14,7654.6
06-Jun-14,7583.4
05-Jun-14,7474.1
04-Jun-14,7402.2
03-Jun-14,7415.8
02-Jun-14,7362.5
30-May-14,7229.9
29-May-14,7235.6
28-May-14,7329.6
27-May-14,7318
26-May-14,7359
23-May-14,7367.1
22-May-14,7276.4
21-May-14,7252.9
20-May-14,7275.5
19-May-14,7263.5
16-May-14,7203
15-May-14,7123.1
14-May-14,7108.7
13-May-14,7108.7
12-May-14,7014.2
09-May-14,6858.8
08-May-14,6659.8
07-May-14,6652.5
06-May-14,6715.3
05-May-14,6699.3
02-May-14,6694.8
30-Apr-14,6696.4
29-Apr-14,6715.2
28-Apr-14,6761.2
25-Apr-14,6782.7
23-Apr-14,6840.8
22-Apr-14,6815.3
21-Apr-14,6817.6
17-Apr-14,6779.4
16-Apr-14,6675.3
15-Apr-14,6733.1
11-Apr-14,6776.3
10-Apr-14,6796.4
09-Apr-14,6796.2
07-Apr-14,6695
04-Apr-14,6694.3
03-Apr-14,6736.1
02-Apr-14,6752.5
01-Apr-14,6721
31-Mar-14,6704.2
28-Mar-14,6695.9
27-Mar-14,6641.7
26-Mar-14,6601.4
25-Mar-14,6589.7
24-Mar-14,6583.5
22-Mar-14,6494.9
21-Mar-14,6493.2
20-Mar-14,6483.1
19-Mar-14,6524
18-Mar-14,6516.6
14-Mar-14,6504.2
13-Mar-14,6493.1
12-Mar-14,6516.9
11-Mar-14,6511.9
10-Mar-14,6537.2
07-Mar-14,6526.6
06-Mar-14,6401.1
05-Mar-14,6328.6
04-Mar-14,6297.9
03-Mar-14,6221.4
28-Feb-14,6276.9
26-Feb-14,6238.8
25-Feb-14,6200
24-Feb-14,6186.1
21-Feb-14,6155.4
20-Feb-14,6091.4
19-Feb-14,6152.7
18-Feb-14,6127.1
17-Feb-14,6073.3
14-Feb-14,6048.3
13-Feb-14,6001.1
12-Feb-14,6084
11-Feb-14,6062.7
10-Feb-14,6053.4
07-Feb-14,6063.2
06-Feb-14,6036.3
05-Feb-14,6022.4
04-Feb-14,6000.9
03-Feb-14,6001.8
31-Jan-14,6089.5
30-Jan-14,6073.7
29-Jan-14,6120.2
28-Jan-14,6126.2
27-Jan-14,6135.8
24-Jan-14,6266.7
23-Jan-14,6345.6
22-Jan-14,6338.9
21-Jan-14,6313.8
20-Jan-14,6303.9
17-Jan-14,6261.6
16-Jan-14,6318.9
15-Jan-14,6320.9
14-Jan-14,6241.8
13-Jan-14,6272.7
10-Jan-14,6171.4
09-Jan-14,6168.3
08-Jan-14,6174.6
07-Jan-14,6162.2
06-Jan-14,6191.4
03-Jan-14,6211.1
02-Jan-14,6221.1
01-Jan-14,6301.6
31-Dec-13,6304
30-Dec-13,6291.1
27-Dec-13,6313.8
26-Dec-13,6278.9
24-Dec-13,6268.4
23-Dec-13,6284.5
20-Dec-13,6274.2
19-Dec-13,6166.6
18-Dec-13,6217.1
17-Dec-13,6139
16-Dec-13,6154.7
13-Dec-13,6168.4
12-Dec-13,6237
11-Dec-13,6307.9
10-Dec-13,6332.8
09-Dec-13,6363.9
06-Dec-13,6259.9
05-Dec-13,6241.1
04-Dec-13,6160.9
03-Dec-13,6201.8
02-Dec-13,6217.8
29-Nov-13,6176.1
28-Nov-13,6091.8
27-Nov-13,6057.1
26-Nov-13,6059.1
25-Nov-13,6115.3
22-Nov-13,5995.4
21-Nov-13,5999
20-Nov-13,6122.9
19-Nov-13,6203.3
18-Nov-13,6189
14-Nov-13,6056.1
13-Nov-13,5989.6
12-Nov-13,6018
11-Nov-13,6078.8
08-Nov-13,6140.7
07-Nov-13,6187.2
06-Nov-13,6215.1
05-Nov-13,6253.1
03-Nov-13,6317.3
01-Nov-13,6307.2
31-Oct-13,6299.1
30-Oct-13,6251.7
29-Oct-13,6220.9
28-Oct-13,6101.1
25-Oct-13,6144.9
24-Oct-13,6164.3
23-Oct-13,6178.3
22-Oct-13,6202.8
21-Oct-13,6204.9
18-Oct-13,6189.3
17-Oct-13,6045.8
15-Oct-13,6089
14-Oct-13,6112.7
11-Oct-13,6096.2
10-Oct-13,6020.9
09-Oct-13,6007.4
08-Oct-13,5928.4
07-Oct-13,5906.1
04-Oct-13,5907.3
03-Oct-13,5909.7
01-Oct-13,5780
30-Sep-13,5735.3
27-Sep-13,5833.2
26-Sep-13,5882.2
25-Sep-13,5873.8
24-Sep-13,5892.4
23-Sep-13,5889.7
20-Sep-13,6012.1
19-Sep-13,6115.5
18-Sep-13,5899.4
17-Sep-13,5850.2
16-Sep-13,5840.5
13-Sep-13,5850.6
12-Sep-13,5850.7
11-Sep-13,5913.1
10-Sep-13,5896.7
06-Sep-13,5680.4
05-Sep-13,5592.9
04-Sep-13,5448.1
03-Sep-13,5341.4
02-Sep-13,5550.7
30-Aug-13,5471.8
29-Aug-13,5409
28-Aug-13,5285
27-Aug-13,5287.4
26-Aug-13,5476.5
23-Aug-13,5471.7
22-Aug-13,5408.4
21-Aug-13,5302.5
20-Aug-13,5401.4
19-Aug-13,5414.7
16-Aug-13,5507.8
14-Aug-13,5742.3
13-Aug-13,5699.3
12-Aug-13,5612.4
08-Aug-13,5565.6
07-Aug-13,5519.1
06-Aug-13,5542.2
05-Aug-13,5685.4
02-Aug-13,5677.9
01-Aug-13,5727.8
31-Jul-13,5742
30-Jul-13,5755
29-Jul-13,5831.6
26-Jul-13,5886.2
25-Jul-13,5907.5
24-Jul-13,5990.5
23-Jul-13,6077.8
22-Jul-13,6031.8
19-Jul-13,6029.2
18-Jul-13,6038
17-Jul-13,5973.3
16-Jul-13,5955.2
15-Jul-13,6030.8
12-Jul-13,6009
11-Jul-13,5935.1
10-Jul-13,5816.7
09-Jul-13,5859
08-Jul-13,5811.5
05-Jul-13,5867.9
04-Jul-13,5836.9
03-Jul-13,5770.9
02-Jul-13,5857.5
01-Jul-13,5898.8
28-Jun-13,5842.2
27-Jun-13,5682.3
26-Jun-13,5588.7
25-Jun-13,5609.1
24-Jun-13,5590.2
21-Jun-13,5667.6
20-Jun-13,5655.9
19-Jun-13,5822.2
18-Jun-13,5813.6
17-Jun-13,5850
14-Jun-13,5808.4
13-Jun-13,5699.1
12-Jun-13,5760.2
11-Jun-13,5788.8
10-Jun-13,5878
07-Jun-13,5881
06-Jun-13,5921.4
05-Jun-13,5923.8
04-Jun-13,5919.4
03-Jun-13,5939.3
31-May-13,5985.9
30-May-13,6124
29-May-13,6104.3
28-May-13,6111.2
27-May-13,6083.1
24-May-13,5983.5
23-May-13,5967
22-May-13,6094.5
21-May-13,6114.1
20-May-13,6156.9
17-May-13,6187.3
16-May-13,6169.9
15-May-13,6146.7
14-May-13,5995.4
13-May-13,5980.4
11-May-13,6107.2
10-May-13,6094.7
09-May-13,6050.1
08-May-13,6069.3
07-May-13,6043.5
06-May-13,5971
